<?xml version="1.0" encoding="UTF-8"?>
<jcr:root xmlns:sling="http://sling.apache.org/jcr/sling/1.0" xmlns:cq="http://www.day.com/jcr/cq/1.0" xmlns:jcr="http://www.jcp.org/jcr/1.0" xmlns:nt="http://www.jcp.org/jcr/nt/1.0"
          jcr:primaryType="nt:unstructured"
          jcr:title="Properties"
          sling:resourceType="cq/gui/components/authoring/dialog">
    <content
            jcr:primaryType="nt:unstructured"
            sling:resourceType="granite/ui/components/coral/foundation/fixedcolumns">
        <items jcr:primaryType="nt:unstructured">
            <column
                    jcr:primaryType="nt:unstructured"
                    sling:resourceType="granite/ui/components/coral/foundation/container">
            <items jcr:primaryType="nt:unstructured">
            <cars
                    jcr:primaryType="nt:unstructured"
                    sling:resourceType="granite/ui/components/coral/foundation/form/select"
                    fieldLabel="Car Select"
                    name="./selectedCar">
                <items jcr:primaryType="nt:unstructured">
                    <All
                            jcr:primaryType="nt:unstructured"
                            fieldLabel="All"
                            name="All"/>
                    <VW
                            jcr:primaryType="nt:unstructured"
                            fieldLabel="VW"
                            name="VW"/>
                    <Peugeot
                            jcr:primaryType="nt:unstructured"
                            fieldLabel="Peugeot"
                            name="Peugeot"/>
                    <Ford
                            jcr:primaryType="nt:unstructured"
                            fieldLabel="Ford"
                            name="Ford"/>
                    <Mazda
                            jcr:primaryType="nt:unstructured"
                            fieldLabel="Mazda"
                            name="Mazda"/>
                    <Toyota
                            jcr:primaryType="nt:unstructured"
                            fieldLabel="Toyota"
                            name="Toyota"/>
                    <Hyundai
                            jcr:primaryType="nt:unstructured"
                            fieldLabel="Hyundai"
                            name="Hyundai"/>
                    <Kia
                            jcr:primaryType="nt:unstructured"
                            fieldLabel="Kia"
                            name="Kia"/>
                    <Honda
                            jcr:primaryType="nt:unstructured"
                            fieldLabel="Honda"
                            name="Honda"/>
                    <Fiat
                            jcr:primaryType="nt:unstructured"
                            fieldLabel="Fiat"
                            name="Fiat"/>
                    <Renault
                            jcr:primaryType="nt:unstructured"
                            fieldLabel="Renault"
                            name="Renault"/>
                </items>
            </cars>

        </items>
    </column>
</items>
        </content>
        </jcr:root>